{
	"__comment": "Designed by Inposa with Cubik Studio - https://cubik.studio",
	"parent": "block/soul_lantern",
	"textures": {
		"particle": "block/soul_lantern",
		"all": "item/soul_lantern"
	},
	"display": {
		"thirdperson_righthand": {
			"rotation":  [ 75, 45, 0 ],
			"translation":  [ 0, -0.5, -2 ],
			"scale":  [ 0.65, 0.65, 0.65 ]
		},
		"thirdperson_lefthand": {
			"rotation":  [ 75, 45, 0 ],
			"translation":  [ 0, -0.5, -2 ],
			"scale":  [ 0.65, 0.65, 0.65 ]
		},
		"firstperson_righthand": {
			"rotation":  [ 15, 0, 0 ],
			"translation":  [ 0, 4, 1 ],
			"scale":  [ 0.55, 0.55, 0.55 ]
		},
		"firstperson_lefthand": {
			"rotation":  [ 15, 0, 0 ],
			"translation":  [ 0, 4, 1 ],
			"scale":  [ 0.55, 0.55, 0.55 ]
		},
		"gui": {
			"rotation":  [ 30, 225, 0 ],
			"translation":  [ 0, 2.7826, 0 ]
		},
		"head": {
			"translation":  [ 0, 15.304, 0 ]
		},
		"ground": {
			"translation":  [ 0, 4.8695, 0 ],
			"scale":  [ 0.6, 0.6, 0.6 ]
		},
		"fixed": {
			"translation":  [ 0, 3, 0 ]
		}
	}
}