{
	"credit": "Made by Letutout for Herobrine.fr",
	"parent": "item/generated",
	"textures": {
		"layer0": "./arc_long"
	},
	"gui_light": "front",
	"display": {
		"thirdperson_righthand": {
			"rotation": [-80, 260, -40],
			"translation": [-1, -2, 2.5],
			"scale": [1.7, 1.7, 0.8]
		},
		"thirdperson_lefthand": {
			"rotation": [-80, -280, 40],
			"translation": [-1, -2, 2.5],
			"scale": [1.7, 1.7, 0.8]
		},
		"firstperson_righthand": {
			"rotation": [0, -90, 25],
			"translation": [1.13, 3.25, 1.13],
			"scale": [1.78, 1.78, 0.6]
		},
		"firstperson_lefthand": {
			"rotation": [0, 90, -25],
			"translation": [1.13, 3.2, 1.13],
			"scale": [1.78, 1.78, 0.6]
		},
		"ground": {
			"translation": [0, 4.5, 0],
			"scale": [1.2, 1.2, 0.6]
		},
		"gui": {
			"translation": [-1.25, 1.75, 0],
			"scale": [1.4, 1.4, 1]
		},
		"fixed": {
			"translation": [-1.25, 1.25, 0],
			"scale": [1.6, 1.6, 1]
		}
	}
}
