{
	"credit": "Designed by Letutout for Herobrine.fr",
	"textures": {
		"0": "./epieux",
		"particle": "./epieux"
	},
	"gui_light": "front",
	"elements": [
		{
			"name": "Cube",
			"from": [-4, 0, 19],
			"to": [-3, 1, 20],
			"faces": {
				"north": {"uv": [0, 15, 1, 16], "texture": "#0"},
				"east": {"uv": [0, 15, 1, 16], "texture": "#0"},
				"south": {"uv": [0, 15, 1, 16], "texture": "#0"},
				"west": {"uv": [0, 15, 1, 16], "texture": "#0"},
				"up": {"uv": [0, 15, 1, 16], "texture": "#0"},
				"down": {"uv": [0, 15, 1, 16], "texture": "#0"}
			}
		},
		{
			"name": "Cube",
			"from": [-3, 0, 19],
			"to": [-2, 1, 20],
			"faces": {
				"north": {"uv": [0, 15, 1, 16], "texture": "#0"},
				"east": {"uv": [0, 15, 1, 16], "texture": "#0"},
				"south": {"uv": [0, 15, 1, 16], "texture": "#0"},
				"west": {"uv": [0, 15, 1, 16], "texture": "#0"},
				"up": {"uv": [0, 15, 1, 16], "texture": "#0"},
				"down": {"uv": [0, 15, 1, 16], "texture": "#0"}
			}
		},
		{
			"name": "Cube",
			"from": [-2, 0, 18],
			"to": [-1, 1, 19],
			"faces": {
				"north": {"uv": [0, 15, 1, 16], "texture": "#0"},
				"east": {"uv": [0, 15, 1, 16], "texture": "#0"},
				"south": {"uv": [0, 15, 1, 16], "texture": "#0"},
				"west": {"uv": [0, 15, 1, 16], "texture": "#0"},
				"up": {"uv": [0, 15, 1, 16], "texture": "#0"},
				"down": {"uv": [0, 15, 1, 16], "texture": "#0"}
			}
		},
		{
			"name": "Cube",
			"from": [-1, 0, 17],
			"to": [0, 1, 18],
			"faces": {
				"north": {"uv": [0, 15, 1, 16], "texture": "#0"},
				"east": {"uv": [0, 15, 1, 16], "texture": "#0"},
				"south": {"uv": [0, 15, 1, 16], "texture": "#0"},
				"west": {"uv": [0, 15, 1, 16], "texture": "#0"},
				"up": {"uv": [0, 15, 1, 16], "texture": "#0"},
				"down": {"uv": [0, 15, 1, 16], "texture": "#0"}
			}
		},
		{
			"name": "Cube",
			"from": [0, 0, 16],
			"to": [1, 1, 17],
			"faces": {
				"north": {"uv": [0, 15, 1, 16], "texture": "#0"},
				"east": {"uv": [0, 15, 1, 16], "texture": "#0"},
				"south": {"uv": [0, 15, 1, 16], "texture": "#0"},
				"west": {"uv": [0, 15, 1, 16], "texture": "#0"},
				"up": {"uv": [0, 15, 1, 16], "texture": "#0"},
				"down": {"uv": [0, 15, 1, 16], "texture": "#0"}
			}
		},
		{
			"name": "Cube",
			"from": [1, 0, 15],
			"to": [2, 1, 16],
			"faces": {
				"north": {"uv": [0, 15, 1, 16], "texture": "#0"},
				"east": {"uv": [0, 15, 1, 16], "texture": "#0"},
				"south": {"uv": [0, 15, 1, 16], "texture": "#0"},
				"west": {"uv": [0, 15, 1, 16], "texture": "#0"},
				"up": {"uv": [0, 15, 1, 16], "texture": "#0"},
				"down": {"uv": [0, 15, 1, 16], "texture": "#0"}
			}
		},
		{
			"name": "Cube",
			"from": [2, 0, 14],
			"to": [3, 1, 15],
			"faces": {
				"north": {"uv": [0, 15, 1, 16], "texture": "#0"},
				"east": {"uv": [0, 15, 1, 16], "texture": "#0"},
				"south": {"uv": [0, 15, 1, 16], "texture": "#0"},
				"west": {"uv": [0, 15, 1, 16], "texture": "#0"},
				"up": {"uv": [0, 15, 1, 16], "texture": "#0"},
				"down": {"uv": [0, 15, 1, 16], "texture": "#0"}
			}
		},
		{
			"name": "Cube",
			"from": [3, 0, 13],
			"to": [4, 1, 14],
			"faces": {
				"north": {"uv": [0, 15, 1, 16], "texture": "#0"},
				"east": {"uv": [0, 15, 1, 16], "texture": "#0"},
				"south": {"uv": [0, 15, 1, 16], "texture": "#0"},
				"west": {"uv": [0, 15, 1, 16], "texture": "#0"},
				"up": {"uv": [0, 15, 1, 16], "texture": "#0"},
				"down": {"uv": [0, 15, 1, 16], "texture": "#0"}
			}
		},
		{
			"name": "Cube",
			"from": [4, 0, 12],
			"to": [5, 1, 13],
			"faces": {
				"north": {"uv": [0, 15, 1, 16], "texture": "#0"},
				"east": {"uv": [0, 15, 1, 16], "texture": "#0"},
				"south": {"uv": [0, 15, 1, 16], "texture": "#0"},
				"west": {"uv": [0, 15, 1, 16], "texture": "#0"},
				"up": {"uv": [0, 15, 1, 16], "texture": "#0"},
				"down": {"uv": [0, 15, 1, 16], "texture": "#0"}
			}
		},
		{
			"name": "Cube",
			"from": [5, 0, 11],
			"to": [6, 1, 12],
			"faces": {
				"north": {"uv": [0, 15, 1, 16], "texture": "#0"},
				"east": {"uv": [0, 15, 1, 16], "texture": "#0"},
				"south": {"uv": [0, 15, 1, 16], "texture": "#0"},
				"west": {"uv": [0, 15, 1, 16], "texture": "#0"},
				"up": {"uv": [0, 15, 1, 16], "texture": "#0"},
				"down": {"uv": [0, 15, 1, 16], "texture": "#0"}
			}
		},
		{
			"name": "Cube",
			"from": [6, 0, 10],
			"to": [7, 1, 11],
			"faces": {
				"north": {"uv": [0, 15, 1, 16], "texture": "#0"},
				"east": {"uv": [0, 15, 1, 16], "texture": "#0"},
				"south": {"uv": [0, 15, 1, 16], "texture": "#0"},
				"west": {"uv": [0, 15, 1, 16], "texture": "#0"},
				"up": {"uv": [0, 15, 1, 16], "texture": "#0"},
				"down": {"uv": [0, 15, 1, 16], "texture": "#0"}
			}
		},
		{
			"name": "Cube",
			"from": [7, 0, 9],
			"to": [8, 1, 10],
			"faces": {
				"north": {"uv": [0, 15, 1, 16], "texture": "#0"},
				"east": {"uv": [0, 15, 1, 16], "texture": "#0"},
				"south": {"uv": [0, 15, 1, 16], "texture": "#0"},
				"west": {"uv": [0, 15, 1, 16], "texture": "#0"},
				"up": {"uv": [0, 15, 1, 16], "texture": "#0"},
				"down": {"uv": [0, 15, 1, 16], "texture": "#0"}
			}
		},
		{
			"name": "Cube",
			"from": [8, 0, 8],
			"to": [9, 1, 9],
			"faces": {
				"north": {"uv": [0, 15, 1, 16], "texture": "#0"},
				"east": {"uv": [0, 15, 1, 16], "texture": "#0"},
				"south": {"uv": [0, 15, 1, 16], "texture": "#0"},
				"west": {"uv": [0, 15, 1, 16], "texture": "#0"},
				"up": {"uv": [0, 15, 1, 16], "texture": "#0"},
				"down": {"uv": [0, 15, 1, 16], "texture": "#0"}
			}
		},
		{
			"name": "Cube",
			"from": [9, 0, 7],
			"to": [10, 1, 8],
			"faces": {
				"north": {"uv": [0, 15, 1, 16], "texture": "#0"},
				"east": {"uv": [0, 15, 1, 16], "texture": "#0"},
				"south": {"uv": [0, 15, 1, 16], "texture": "#0"},
				"west": {"uv": [0, 15, 1, 16], "texture": "#0"},
				"up": {"uv": [0, 15, 1, 16], "texture": "#0"},
				"down": {"uv": [0, 15, 1, 16], "texture": "#0"}
			}
		},
		{
			"name": "Cube",
			"from": [10, 0, 6],
			"to": [11, 1, 7],
			"faces": {
				"north": {"uv": [0, 15, 1, 16], "texture": "#0"},
				"east": {"uv": [0, 15, 1, 16], "texture": "#0"},
				"south": {"uv": [0, 15, 1, 16], "texture": "#0"},
				"west": {"uv": [0, 15, 1, 16], "texture": "#0"},
				"up": {"uv": [0, 15, 1, 16], "texture": "#0"},
				"down": {"uv": [0, 15, 1, 16], "texture": "#0"}
			}
		},
		{
			"name": "Cube",
			"from": [11, 0, 5],
			"to": [12, 1, 6],
			"faces": {
				"north": {"uv": [0, 15, 1, 16], "texture": "#0"},
				"east": {"uv": [0, 15, 1, 16], "texture": "#0"},
				"south": {"uv": [0, 15, 1, 16], "texture": "#0"},
				"west": {"uv": [0, 15, 1, 16], "texture": "#0"},
				"up": {"uv": [0, 15, 1, 16], "texture": "#0"},
				"down": {"uv": [0, 15, 1, 16], "texture": "#0"}
			}
		},
		{
			"name": "Cube",
			"from": [12, 0, 4],
			"to": [13, 1, 5],
			"faces": {
				"north": {"uv": [0, 15, 1, 16], "texture": "#0"},
				"east": {"uv": [0, 15, 1, 16], "texture": "#0"},
				"south": {"uv": [0, 15, 1, 16], "texture": "#0"},
				"west": {"uv": [0, 15, 1, 16], "texture": "#0"},
				"up": {"uv": [0, 15, 1, 16], "texture": "#0"},
				"down": {"uv": [0, 15, 1, 16], "texture": "#0"}
			}
		},
		{
			"name": "Cube",
			"from": [13, 0, 3],
			"to": [14, 1, 4],
			"faces": {
				"north": {"uv": [0, 15, 1, 16], "texture": "#0"},
				"east": {"uv": [0, 15, 1, 16], "texture": "#0"},
				"south": {"uv": [0, 15, 1, 16], "texture": "#0"},
				"west": {"uv": [0, 15, 1, 16], "texture": "#0"},
				"up": {"uv": [0, 15, 1, 16], "texture": "#0"},
				"down": {"uv": [0, 15, 1, 16], "texture": "#0"}
			}
		},
		{
			"name": "Cube",
			"from": [14, 0, 2],
			"to": [15, 1, 3],
			"faces": {
				"north": {"uv": [0, 15, 1, 16], "texture": "#0"},
				"east": {"uv": [0, 15, 1, 16], "texture": "#0"},
				"south": {"uv": [0, 15, 1, 16], "texture": "#0"},
				"west": {"uv": [0, 15, 1, 16], "texture": "#0"},
				"up": {"uv": [0, 15, 1, 16], "texture": "#0"},
				"down": {"uv": [0, 15, 1, 16], "texture": "#0"}
			}
		},
		{
			"name": "Cube",
			"from": [15, 0, 1],
			"to": [16, 1, 2],
			"faces": {
				"north": {"uv": [0, 15, 1, 16], "texture": "#0"},
				"east": {"uv": [0, 15, 1, 16], "texture": "#0"},
				"south": {"uv": [0, 15, 1, 16], "texture": "#0"},
				"west": {"uv": [0, 15, 1, 16], "texture": "#0"},
				"up": {"uv": [0, 15, 1, 16], "texture": "#0"},
				"down": {"uv": [0, 15, 1, 16], "texture": "#0"}
			}
		},
		{
			"name": "Cube",
			"from": [16, 0, 0],
			"to": [17, 1, 1],
			"faces": {
				"north": {"uv": [0, 15, 1, 16], "texture": "#0"},
				"east": {"uv": [0, 15, 1, 16], "texture": "#0"},
				"south": {"uv": [0, 15, 1, 16], "texture": "#0"},
				"west": {"uv": [0, 15, 1, 16], "texture": "#0"},
				"up": {"uv": [0, 15, 1, 16], "texture": "#0"},
				"down": {"uv": [0, 15, 1, 16], "texture": "#0"}
			}
		},
		{
			"name": "Cube",
			"from": [17, 0, -1],
			"to": [18, 1, 0],
			"faces": {
				"north": {"uv": [0, 15, 1, 16], "texture": "#0"},
				"east": {"uv": [0, 15, 1, 16], "texture": "#0"},
				"south": {"uv": [0, 15, 1, 16], "texture": "#0"},
				"west": {"uv": [0, 15, 1, 16], "texture": "#0"},
				"up": {"uv": [0, 15, 1, 16], "texture": "#0"},
				"down": {"uv": [0, 15, 1, 16], "texture": "#0"}
			}
		},
		{
			"name": "Cube",
			"from": [18, 0, -2],
			"to": [19, 1, -1],
			"faces": {
				"north": {"uv": [0, 15, 1, 16], "texture": "#0"},
				"east": {"uv": [0, 15, 1, 16], "texture": "#0"},
				"south": {"uv": [0, 15, 1, 16], "texture": "#0"},
				"west": {"uv": [0, 15, 1, 16], "texture": "#0"},
				"up": {"uv": [0, 15, 1, 16], "texture": "#0"},
				"down": {"uv": [0, 15, 1, 16], "texture": "#0"}
			}
		},
		{
			"name": "Cube",
			"from": [19, 0, -3],
			"to": [20, 1, -2],
			"faces": {
				"north": {"uv": [0, 15, 1, 16], "texture": "#0"},
				"east": {"uv": [0, 15, 1, 16], "texture": "#0"},
				"south": {"uv": [0, 15, 1, 16], "texture": "#0"},
				"west": {"uv": [0, 15, 1, 16], "texture": "#0"},
				"up": {"uv": [0, 15, 1, 16], "texture": "#0"},
				"down": {"uv": [0, 15, 1, 16], "texture": "#0"}
			}
		},
		{
			"name": "Cube",
			"from": [20, 0, -4],
			"to": [21, 1, -3],
			"faces": {
				"north": {"uv": [0, 15, 1, 16], "texture": "#0"},
				"east": {"uv": [0, 15, 1, 16], "texture": "#0"},
				"south": {"uv": [0, 15, 1, 16], "texture": "#0"},
				"west": {"uv": [0, 15, 1, 16], "texture": "#0"},
				"up": {"uv": [0, 15, 1, 16], "texture": "#0"},
				"down": {"uv": [0, 15, 1, 16], "texture": "#0"}
			}
		},
		{
			"name": "Cube",
			"from": [21, 0, -5],
			"to": [22, 1, -4],
			"faces": {
				"north": {"uv": [0, 15, 1, 16], "texture": "#0"},
				"east": {"uv": [0, 15, 1, 16], "texture": "#0"},
				"south": {"uv": [0, 15, 1, 16], "texture": "#0"},
				"west": {"uv": [0, 15, 1, 16], "texture": "#0"},
				"up": {"uv": [0, 15, 1, 16], "texture": "#0"},
				"down": {"uv": [0, 15, 1, 16], "texture": "#0"}
			}
		},
		{
			"name": "Cube",
			"from": [22, 0, -6],
			"to": [23, 1, -5],
			"faces": {
				"north": {"uv": [0, 15, 1, 16], "texture": "#0"},
				"east": {"uv": [0, 15, 1, 16], "texture": "#0"},
				"south": {"uv": [0, 15, 1, 16], "texture": "#0"},
				"west": {"uv": [0, 15, 1, 16], "texture": "#0"},
				"up": {"uv": [0, 15, 1, 16], "texture": "#0"},
				"down": {"uv": [0, 15, 1, 16], "texture": "#0"}
			}
		},
		{
			"name": "Cube",
			"from": [23, 0, -7],
			"to": [24, 1, -6],
			"faces": {
				"north": {"uv": [0, 15, 1, 16], "texture": "#0"},
				"east": {"uv": [0, 15, 1, 16], "texture": "#0"},
				"south": {"uv": [0, 15, 1, 16], "texture": "#0"},
				"west": {"uv": [0, 15, 1, 16], "texture": "#0"},
				"up": {"uv": [0, 15, 1, 16], "texture": "#0"},
				"down": {"uv": [0, 15, 1, 16], "texture": "#0"}
			}
		},
		{
			"name": "Cube",
			"from": [22, 0, -8],
			"to": [23, 1, -7],
			"faces": {
				"north": {"uv": [0, 14, 1, 15], "texture": "#0"},
				"east": {"uv": [0, 14, 1, 15], "texture": "#0"},
				"south": {"uv": [0, 14, 1, 15], "texture": "#0"},
				"west": {"uv": [0, 14, 1, 15], "texture": "#0"},
				"up": {"uv": [0, 14, 1, 15], "texture": "#0"},
				"down": {"uv": [0, 14, 1, 15], "texture": "#0"}
			}
		},
		{
			"name": "Cube",
			"from": [21, 0, -7],
			"to": [22, 1, -6],
			"faces": {
				"north": {"uv": [0, 14, 1, 15], "texture": "#0"},
				"east": {"uv": [0, 14, 1, 15], "texture": "#0"},
				"south": {"uv": [0, 14, 1, 15], "texture": "#0"},
				"west": {"uv": [0, 14, 1, 15], "texture": "#0"},
				"up": {"uv": [0, 14, 1, 15], "texture": "#0"},
				"down": {"uv": [0, 14, 1, 15], "texture": "#0"}
			}
		},
		{
			"name": "Cube",
			"from": [20, 0, -6],
			"to": [21, 1, -5],
			"faces": {
				"north": {"uv": [0, 14, 1, 15], "texture": "#0"},
				"east": {"uv": [0, 14, 1, 15], "texture": "#0"},
				"south": {"uv": [0, 14, 1, 15], "texture": "#0"},
				"west": {"uv": [0, 14, 1, 15], "texture": "#0"},
				"up": {"uv": [0, 14, 1, 15], "texture": "#0"},
				"down": {"uv": [0, 14, 1, 15], "texture": "#0"}
			}
		},
		{
			"name": "Cube",
			"from": [19, 0, -5],
			"to": [20, 1, -4],
			"faces": {
				"north": {"uv": [0, 14, 1, 15], "texture": "#0"},
				"east": {"uv": [0, 14, 1, 15], "texture": "#0"},
				"south": {"uv": [0, 14, 1, 15], "texture": "#0"},
				"west": {"uv": [0, 14, 1, 15], "texture": "#0"},
				"up": {"uv": [0, 14, 1, 15], "texture": "#0"},
				"down": {"uv": [0, 14, 1, 15], "texture": "#0"}
			}
		},
		{
			"name": "Cube",
			"from": [18, 0, -4],
			"to": [19, 1, -3],
			"faces": {
				"north": {"uv": [0, 14, 1, 15], "texture": "#0"},
				"east": {"uv": [0, 14, 1, 15], "texture": "#0"},
				"south": {"uv": [0, 14, 1, 15], "texture": "#0"},
				"west": {"uv": [0, 14, 1, 15], "texture": "#0"},
				"up": {"uv": [0, 14, 1, 15], "texture": "#0"},
				"down": {"uv": [0, 14, 1, 15], "texture": "#0"}
			}
		},
		{
			"name": "Cube",
			"from": [17, 0, -3],
			"to": [18, 1, -2],
			"faces": {
				"north": {"uv": [0, 14, 1, 15], "texture": "#0"},
				"east": {"uv": [0, 14, 1, 15], "texture": "#0"},
				"south": {"uv": [0, 14, 1, 15], "texture": "#0"},
				"west": {"uv": [0, 14, 1, 15], "texture": "#0"},
				"up": {"uv": [0, 14, 1, 15], "texture": "#0"},
				"down": {"uv": [0, 14, 1, 15], "texture": "#0"}
			}
		},
		{
			"name": "Cube",
			"from": [16, 0, -2],
			"to": [17, 1, -1],
			"faces": {
				"north": {"uv": [0, 14, 1, 15], "texture": "#0"},
				"east": {"uv": [0, 14, 1, 15], "texture": "#0"},
				"south": {"uv": [0, 14, 1, 15], "texture": "#0"},
				"west": {"uv": [0, 14, 1, 15], "texture": "#0"},
				"up": {"uv": [0, 14, 1, 15], "texture": "#0"},
				"down": {"uv": [0, 14, 1, 15], "texture": "#0"}
			}
		},
		{
			"name": "Cube",
			"from": [15, 0, -1],
			"to": [16, 1, 0],
			"faces": {
				"north": {"uv": [0, 14, 1, 15], "texture": "#0"},
				"east": {"uv": [0, 14, 1, 15], "texture": "#0"},
				"south": {"uv": [0, 14, 1, 15], "texture": "#0"},
				"west": {"uv": [0, 14, 1, 15], "texture": "#0"},
				"up": {"uv": [0, 14, 1, 15], "texture": "#0"},
				"down": {"uv": [0, 14, 1, 15], "texture": "#0"}
			}
		},
		{
			"name": "Cube",
			"from": [14, 0, 0],
			"to": [15, 1, 1],
			"faces": {
				"north": {"uv": [0, 14, 1, 15], "texture": "#0"},
				"east": {"uv": [0, 14, 1, 15], "texture": "#0"},
				"south": {"uv": [0, 14, 1, 15], "texture": "#0"},
				"west": {"uv": [0, 14, 1, 15], "texture": "#0"},
				"up": {"uv": [0, 14, 1, 15], "texture": "#0"},
				"down": {"uv": [0, 14, 1, 15], "texture": "#0"}
			}
		},
		{
			"name": "Cube",
			"from": [13, 0, 1],
			"to": [14, 1, 2],
			"faces": {
				"north": {"uv": [0, 14, 1, 15], "texture": "#0"},
				"east": {"uv": [0, 14, 1, 15], "texture": "#0"},
				"south": {"uv": [0, 14, 1, 15], "texture": "#0"},
				"west": {"uv": [0, 14, 1, 15], "texture": "#0"},
				"up": {"uv": [0, 14, 1, 15], "texture": "#0"},
				"down": {"uv": [0, 14, 1, 15], "texture": "#0"}
			}
		},
		{
			"name": "Cube",
			"from": [12, 0, 2],
			"to": [13, 1, 3],
			"faces": {
				"north": {"uv": [0, 14, 1, 15], "texture": "#0"},
				"east": {"uv": [0, 14, 1, 15], "texture": "#0"},
				"south": {"uv": [0, 14, 1, 15], "texture": "#0"},
				"west": {"uv": [0, 14, 1, 15], "texture": "#0"},
				"up": {"uv": [0, 14, 1, 15], "texture": "#0"},
				"down": {"uv": [0, 14, 1, 15], "texture": "#0"}
			}
		},
		{
			"name": "Cube",
			"from": [11, 0, 3],
			"to": [12, 1, 4],
			"faces": {
				"north": {"uv": [0, 14, 1, 15], "texture": "#0"},
				"east": {"uv": [0, 14, 1, 15], "texture": "#0"},
				"south": {"uv": [0, 14, 1, 15], "texture": "#0"},
				"west": {"uv": [0, 14, 1, 15], "texture": "#0"},
				"up": {"uv": [0, 14, 1, 15], "texture": "#0"},
				"down": {"uv": [0, 14, 1, 15], "texture": "#0"}
			}
		},
		{
			"name": "Cube",
			"from": [10, 0, 4],
			"to": [11, 1, 5],
			"faces": {
				"north": {"uv": [0, 14, 1, 15], "texture": "#0"},
				"east": {"uv": [0, 14, 1, 15], "texture": "#0"},
				"south": {"uv": [0, 14, 1, 15], "texture": "#0"},
				"west": {"uv": [0, 14, 1, 15], "texture": "#0"},
				"up": {"uv": [0, 14, 1, 15], "texture": "#0"},
				"down": {"uv": [0, 14, 1, 15], "texture": "#0"}
			}
		},
		{
			"name": "Cube",
			"from": [9, 0, 5],
			"to": [10, 1, 6],
			"faces": {
				"north": {"uv": [0, 14, 1, 15], "texture": "#0"},
				"east": {"uv": [0, 14, 1, 15], "texture": "#0"},
				"south": {"uv": [0, 14, 1, 15], "texture": "#0"},
				"west": {"uv": [0, 14, 1, 15], "texture": "#0"},
				"up": {"uv": [0, 14, 1, 15], "texture": "#0"},
				"down": {"uv": [0, 14, 1, 15], "texture": "#0"}
			}
		},
		{
			"name": "Cube",
			"from": [8, 0, 6],
			"to": [9, 1, 7],
			"faces": {
				"north": {"uv": [0, 14, 1, 15], "texture": "#0"},
				"east": {"uv": [0, 14, 1, 15], "texture": "#0"},
				"south": {"uv": [0, 14, 1, 15], "texture": "#0"},
				"west": {"uv": [0, 14, 1, 15], "texture": "#0"},
				"up": {"uv": [0, 14, 1, 15], "texture": "#0"},
				"down": {"uv": [0, 14, 1, 15], "texture": "#0"}
			}
		},
		{
			"name": "Cube",
			"from": [7, 0, 7],
			"to": [8, 1, 8],
			"faces": {
				"north": {"uv": [0, 14, 1, 15], "texture": "#0"},
				"east": {"uv": [0, 14, 1, 15], "texture": "#0"},
				"south": {"uv": [0, 14, 1, 15], "texture": "#0"},
				"west": {"uv": [0, 14, 1, 15], "texture": "#0"},
				"up": {"uv": [0, 14, 1, 15], "texture": "#0"},
				"down": {"uv": [0, 14, 1, 15], "texture": "#0"}
			}
		},
		{
			"name": "Cube",
			"from": [6, 0, 8],
			"to": [7, 1, 9],
			"faces": {
				"north": {"uv": [0, 14, 1, 15], "texture": "#0"},
				"east": {"uv": [0, 14, 1, 15], "texture": "#0"},
				"south": {"uv": [0, 14, 1, 15], "texture": "#0"},
				"west": {"uv": [0, 14, 1, 15], "texture": "#0"},
				"up": {"uv": [0, 14, 1, 15], "texture": "#0"},
				"down": {"uv": [0, 14, 1, 15], "texture": "#0"}
			}
		},
		{
			"name": "Cube",
			"from": [5, 0, 9],
			"to": [6, 1, 10],
			"faces": {
				"north": {"uv": [0, 14, 1, 15], "texture": "#0"},
				"east": {"uv": [0, 14, 1, 15], "texture": "#0"},
				"south": {"uv": [0, 14, 1, 15], "texture": "#0"},
				"west": {"uv": [0, 14, 1, 15], "texture": "#0"},
				"up": {"uv": [0, 14, 1, 15], "texture": "#0"},
				"down": {"uv": [0, 14, 1, 15], "texture": "#0"}
			}
		},
		{
			"name": "Cube",
			"from": [4, 0, 10],
			"to": [5, 1, 11],
			"faces": {
				"north": {"uv": [0, 14, 1, 15], "texture": "#0"},
				"east": {"uv": [0, 14, 1, 15], "texture": "#0"},
				"south": {"uv": [0, 14, 1, 15], "texture": "#0"},
				"west": {"uv": [0, 14, 1, 15], "texture": "#0"},
				"up": {"uv": [0, 14, 1, 15], "texture": "#0"},
				"down": {"uv": [0, 14, 1, 15], "texture": "#0"}
			}
		},
		{
			"name": "Cube",
			"from": [3, 0, 11],
			"to": [4, 1, 12],
			"faces": {
				"north": {"uv": [0, 14, 1, 15], "texture": "#0"},
				"east": {"uv": [0, 14, 1, 15], "texture": "#0"},
				"south": {"uv": [0, 14, 1, 15], "texture": "#0"},
				"west": {"uv": [0, 14, 1, 15], "texture": "#0"},
				"up": {"uv": [0, 14, 1, 15], "texture": "#0"},
				"down": {"uv": [0, 14, 1, 15], "texture": "#0"}
			}
		},
		{
			"name": "Cube",
			"from": [2, 0, 12],
			"to": [3, 1, 13],
			"faces": {
				"north": {"uv": [0, 14, 1, 15], "texture": "#0"},
				"east": {"uv": [0, 14, 1, 15], "texture": "#0"},
				"south": {"uv": [0, 14, 1, 15], "texture": "#0"},
				"west": {"uv": [0, 14, 1, 15], "texture": "#0"},
				"up": {"uv": [0, 14, 1, 15], "texture": "#0"},
				"down": {"uv": [0, 14, 1, 15], "texture": "#0"}
			}
		},
		{
			"name": "Cube",
			"from": [1, 0, 13],
			"to": [2, 1, 14],
			"faces": {
				"north": {"uv": [0, 14, 1, 15], "texture": "#0"},
				"east": {"uv": [0, 14, 1, 15], "texture": "#0"},
				"south": {"uv": [0, 14, 1, 15], "texture": "#0"},
				"west": {"uv": [0, 14, 1, 15], "texture": "#0"},
				"up": {"uv": [0, 14, 1, 15], "texture": "#0"},
				"down": {"uv": [0, 14, 1, 15], "texture": "#0"}
			}
		},
		{
			"name": "Cube",
			"from": [0, 0, 14],
			"to": [1, 1, 15],
			"faces": {
				"north": {"uv": [0, 14, 1, 15], "texture": "#0"},
				"east": {"uv": [0, 14, 1, 15], "texture": "#0"},
				"south": {"uv": [0, 14, 1, 15], "texture": "#0"},
				"west": {"uv": [0, 14, 1, 15], "texture": "#0"},
				"up": {"uv": [0, 14, 1, 15], "texture": "#0"},
				"down": {"uv": [0, 14, 1, 15], "texture": "#0"}
			}
		},
		{
			"name": "Cube",
			"from": [-1, 0, 15],
			"to": [0, 1, 16],
			"faces": {
				"north": {"uv": [0, 14, 1, 15], "texture": "#0"},
				"east": {"uv": [0, 14, 1, 15], "texture": "#0"},
				"south": {"uv": [0, 14, 1, 15], "texture": "#0"},
				"west": {"uv": [0, 14, 1, 15], "texture": "#0"},
				"up": {"uv": [0, 14, 1, 15], "texture": "#0"},
				"down": {"uv": [0, 14, 1, 15], "texture": "#0"}
			}
		},
		{
			"name": "Cube",
			"from": [-2, 0, 16],
			"to": [-1, 1, 17],
			"faces": {
				"north": {"uv": [0, 14, 1, 15], "texture": "#0"},
				"east": {"uv": [0, 14, 1, 15], "texture": "#0"},
				"south": {"uv": [0, 14, 1, 15], "texture": "#0"},
				"west": {"uv": [0, 14, 1, 15], "texture": "#0"},
				"up": {"uv": [0, 14, 1, 15], "texture": "#0"},
				"down": {"uv": [0, 14, 1, 15], "texture": "#0"}
			}
		},
		{
			"name": "Cube",
			"from": [-3, 0, 17],
			"to": [-2, 1, 18],
			"faces": {
				"north": {"uv": [0, 14, 1, 15], "texture": "#0"},
				"east": {"uv": [0, 14, 1, 15], "texture": "#0"},
				"south": {"uv": [0, 14, 1, 15], "texture": "#0"},
				"west": {"uv": [0, 14, 1, 15], "texture": "#0"},
				"up": {"uv": [0, 14, 1, 15], "texture": "#0"},
				"down": {"uv": [0, 14, 1, 15], "texture": "#0"}
			}
		},
		{
			"name": "Cube",
			"from": [-4, 0, 18],
			"to": [-3, 1, 19],
			"faces": {
				"north": {"uv": [0, 14, 1, 15], "texture": "#0"},
				"east": {"uv": [0, 14, 1, 15], "texture": "#0"},
				"south": {"uv": [0, 14, 1, 15], "texture": "#0"},
				"west": {"uv": [0, 14, 1, 15], "texture": "#0"},
				"up": {"uv": [0, 14, 1, 15], "texture": "#0"},
				"down": {"uv": [0, 14, 1, 15], "texture": "#0"}
			}
		},
		{
			"name": "Cube",
			"from": [-3, 0, 18],
			"to": [-2, 1, 19],
			"faces": {
				"north": {"uv": [1, 14, 2, 15], "texture": "#0"},
				"east": {"uv": [1, 14, 2, 15], "texture": "#0"},
				"south": {"uv": [1, 14, 2, 15], "texture": "#0"},
				"west": {"uv": [1, 14, 2, 15], "texture": "#0"},
				"up": {"uv": [1, 14, 2, 15], "texture": "#0"},
				"down": {"uv": [1, 14, 2, 15], "texture": "#0"}
			}
		},
		{
			"name": "Cube",
			"from": [-2, 0, 17],
			"to": [-1, 1, 18],
			"faces": {
				"north": {"uv": [1, 14, 2, 15], "texture": "#0"},
				"east": {"uv": [1, 14, 2, 15], "texture": "#0"},
				"south": {"uv": [1, 14, 2, 15], "texture": "#0"},
				"west": {"uv": [1, 14, 2, 15], "texture": "#0"},
				"up": {"uv": [1, 14, 2, 15], "texture": "#0"},
				"down": {"uv": [1, 14, 2, 15], "texture": "#0"}
			}
		},
		{
			"name": "Cube",
			"from": [0, 0, 15],
			"to": [1, 1, 16],
			"faces": {
				"north": {"uv": [1, 14, 2, 15], "texture": "#0"},
				"east": {"uv": [1, 14, 2, 15], "texture": "#0"},
				"south": {"uv": [1, 14, 2, 15], "texture": "#0"},
				"west": {"uv": [1, 14, 2, 15], "texture": "#0"},
				"up": {"uv": [1, 14, 2, 15], "texture": "#0"},
				"down": {"uv": [1, 14, 2, 15], "texture": "#0"}
			}
		},
		{
			"name": "Cube",
			"from": [2, 0, 13],
			"to": [3, 1, 14],
			"faces": {
				"north": {"uv": [1, 14, 2, 15], "texture": "#0"},
				"east": {"uv": [1, 14, 2, 15], "texture": "#0"},
				"south": {"uv": [1, 14, 2, 15], "texture": "#0"},
				"west": {"uv": [1, 14, 2, 15], "texture": "#0"},
				"up": {"uv": [1, 14, 2, 15], "texture": "#0"},
				"down": {"uv": [1, 14, 2, 15], "texture": "#0"}
			}
		},
		{
			"name": "Cube",
			"from": [3, 0, 12],
			"to": [4, 1, 13],
			"faces": {
				"north": {"uv": [1, 14, 2, 15], "texture": "#0"},
				"east": {"uv": [1, 14, 2, 15], "texture": "#0"},
				"south": {"uv": [1, 14, 2, 15], "texture": "#0"},
				"west": {"uv": [1, 14, 2, 15], "texture": "#0"},
				"up": {"uv": [1, 14, 2, 15], "texture": "#0"},
				"down": {"uv": [1, 14, 2, 15], "texture": "#0"}
			}
		},
		{
			"name": "Cube",
			"from": [6, 0, 9],
			"to": [7, 1, 10],
			"faces": {
				"north": {"uv": [1, 14, 2, 15], "texture": "#0"},
				"east": {"uv": [1, 14, 2, 15], "texture": "#0"},
				"south": {"uv": [1, 14, 2, 15], "texture": "#0"},
				"west": {"uv": [1, 14, 2, 15], "texture": "#0"},
				"up": {"uv": [1, 14, 2, 15], "texture": "#0"},
				"down": {"uv": [1, 14, 2, 15], "texture": "#0"}
			}
		},
		{
			"name": "Cube",
			"from": [7, 0, 8],
			"to": [8, 1, 9],
			"faces": {
				"north": {"uv": [1, 14, 2, 15], "texture": "#0"},
				"east": {"uv": [1, 14, 2, 15], "texture": "#0"},
				"south": {"uv": [1, 14, 2, 15], "texture": "#0"},
				"west": {"uv": [1, 14, 2, 15], "texture": "#0"},
				"up": {"uv": [1, 14, 2, 15], "texture": "#0"},
				"down": {"uv": [1, 14, 2, 15], "texture": "#0"}
			}
		},
		{
			"name": "Cube",
			"from": [9, 0, 6],
			"to": [10, 1, 7],
			"faces": {
				"north": {"uv": [1, 14, 2, 15], "texture": "#0"},
				"east": {"uv": [1, 14, 2, 15], "texture": "#0"},
				"south": {"uv": [1, 14, 2, 15], "texture": "#0"},
				"west": {"uv": [1, 14, 2, 15], "texture": "#0"},
				"up": {"uv": [1, 14, 2, 15], "texture": "#0"},
				"down": {"uv": [1, 14, 2, 15], "texture": "#0"}
			}
		},
		{
			"name": "Cube",
			"from": [11, 0, 4],
			"to": [12, 1, 5],
			"faces": {
				"north": {"uv": [1, 14, 2, 15], "texture": "#0"},
				"east": {"uv": [1, 14, 2, 15], "texture": "#0"},
				"south": {"uv": [1, 14, 2, 15], "texture": "#0"},
				"west": {"uv": [1, 14, 2, 15], "texture": "#0"},
				"up": {"uv": [1, 14, 2, 15], "texture": "#0"},
				"down": {"uv": [1, 14, 2, 15], "texture": "#0"}
			}
		},
		{
			"name": "Cube",
			"from": [12, 0, 3],
			"to": [13, 1, 4],
			"faces": {
				"north": {"uv": [1, 14, 2, 15], "texture": "#0"},
				"east": {"uv": [1, 14, 2, 15], "texture": "#0"},
				"south": {"uv": [1, 14, 2, 15], "texture": "#0"},
				"west": {"uv": [1, 14, 2, 15], "texture": "#0"},
				"up": {"uv": [1, 14, 2, 15], "texture": "#0"},
				"down": {"uv": [1, 14, 2, 15], "texture": "#0"}
			}
		},
		{
			"name": "Cube",
			"from": [15, 0, 0],
			"to": [16, 1, 1],
			"faces": {
				"north": {"uv": [1, 14, 2, 15], "texture": "#0"},
				"east": {"uv": [1, 14, 2, 15], "texture": "#0"},
				"south": {"uv": [1, 14, 2, 15], "texture": "#0"},
				"west": {"uv": [1, 14, 2, 15], "texture": "#0"},
				"up": {"uv": [1, 14, 2, 15], "texture": "#0"},
				"down": {"uv": [1, 14, 2, 15], "texture": "#0"}
			}
		},
		{
			"name": "Cube",
			"from": [17, 0, -2],
			"to": [18, 1, -1],
			"faces": {
				"north": {"uv": [1, 14, 2, 15], "texture": "#0"},
				"east": {"uv": [1, 14, 2, 15], "texture": "#0"},
				"south": {"uv": [1, 14, 2, 15], "texture": "#0"},
				"west": {"uv": [1, 14, 2, 15], "texture": "#0"},
				"up": {"uv": [1, 14, 2, 15], "texture": "#0"},
				"down": {"uv": [1, 14, 2, 15], "texture": "#0"}
			}
		},
		{
			"name": "Cube",
			"from": [18, 0, -3],
			"to": [19, 1, -2],
			"faces": {
				"north": {"uv": [1, 14, 2, 15], "texture": "#0"},
				"east": {"uv": [1, 14, 2, 15], "texture": "#0"},
				"south": {"uv": [1, 14, 2, 15], "texture": "#0"},
				"west": {"uv": [1, 14, 2, 15], "texture": "#0"},
				"up": {"uv": [1, 14, 2, 15], "texture": "#0"},
				"down": {"uv": [1, 14, 2, 15], "texture": "#0"}
			}
		},
		{
			"name": "Cube",
			"from": [21, 0, -6],
			"to": [22, 1, -5],
			"faces": {
				"north": {"uv": [1, 14, 2, 15], "texture": "#0"},
				"east": {"uv": [1, 14, 2, 15], "texture": "#0"},
				"south": {"uv": [1, 14, 2, 15], "texture": "#0"},
				"west": {"uv": [1, 14, 2, 15], "texture": "#0"},
				"up": {"uv": [1, 14, 2, 15], "texture": "#0"},
				"down": {"uv": [1, 14, 2, 15], "texture": "#0"}
			}
		},
		{
			"name": "Cube",
			"from": [22, 0, -7],
			"to": [23, 1, -6],
			"faces": {
				"north": {"uv": [1, 14, 2, 15], "texture": "#0"},
				"east": {"uv": [1, 14, 2, 15], "texture": "#0"},
				"south": {"uv": [1, 14, 2, 15], "texture": "#0"},
				"west": {"uv": [1, 14, 2, 15], "texture": "#0"},
				"up": {"uv": [1, 14, 2, 15], "texture": "#0"},
				"down": {"uv": [1, 14, 2, 15], "texture": "#0"}
			}
		},
		{
			"name": "Cube",
			"from": [23, 0, -8],
			"to": [24, 1, -7],
			"faces": {
				"north": {"uv": [3, 12, 4, 13], "texture": "#0"},
				"east": {"uv": [3, 12, 4, 13], "texture": "#0"},
				"south": {"uv": [3, 13, 4, 14], "texture": "#0"},
				"west": {"uv": [3, 12, 4, 13], "texture": "#0"},
				"up": {"uv": [3, 12, 4, 13], "texture": "#0"},
				"down": {"uv": [3, 12, 4, 13], "texture": "#0"}
			}
		},
		{
			"name": "Cube",
			"from": [20, 0, -5],
			"to": [21, 1, -4],
			"faces": {
				"north": {"uv": [3, 12, 4, 13], "texture": "#0"},
				"east": {"uv": [3, 12, 4, 13], "texture": "#0"},
				"south": {"uv": [3, 13, 4, 14], "texture": "#0"},
				"west": {"uv": [3, 12, 4, 13], "texture": "#0"},
				"up": {"uv": [3, 12, 4, 13], "texture": "#0"},
				"down": {"uv": [3, 12, 4, 13], "texture": "#0"}
			}
		},
		{
			"name": "Cube",
			"from": [19, 0, -4],
			"to": [20, 1, -3],
			"faces": {
				"north": {"uv": [3, 12, 4, 13], "texture": "#0"},
				"east": {"uv": [3, 12, 4, 13], "texture": "#0"},
				"south": {"uv": [3, 13, 4, 14], "texture": "#0"},
				"west": {"uv": [3, 12, 4, 13], "texture": "#0"},
				"up": {"uv": [3, 12, 4, 13], "texture": "#0"},
				"down": {"uv": [3, 12, 4, 13], "texture": "#0"}
			}
		},
		{
			"name": "Cube",
			"from": [16, 0, -1],
			"to": [17, 1, 0],
			"faces": {
				"north": {"uv": [3, 12, 4, 13], "texture": "#0"},
				"east": {"uv": [3, 12, 4, 13], "texture": "#0"},
				"south": {"uv": [3, 13, 4, 14], "texture": "#0"},
				"west": {"uv": [3, 12, 4, 13], "texture": "#0"},
				"up": {"uv": [3, 12, 4, 13], "texture": "#0"},
				"down": {"uv": [3, 12, 4, 13], "texture": "#0"}
			}
		},
		{
			"name": "Cube",
			"from": [14, 0, 1],
			"to": [15, 1, 2],
			"faces": {
				"north": {"uv": [3, 12, 4, 13], "texture": "#0"},
				"east": {"uv": [3, 12, 4, 13], "texture": "#0"},
				"south": {"uv": [3, 13, 4, 14], "texture": "#0"},
				"west": {"uv": [3, 12, 4, 13], "texture": "#0"},
				"up": {"uv": [3, 12, 4, 13], "texture": "#0"},
				"down": {"uv": [3, 12, 4, 13], "texture": "#0"}
			}
		},
		{
			"name": "Cube",
			"from": [13, 0, 2],
			"to": [14, 1, 3],
			"faces": {
				"north": {"uv": [3, 12, 4, 13], "texture": "#0"},
				"east": {"uv": [3, 12, 4, 13], "texture": "#0"},
				"south": {"uv": [3, 13, 4, 14], "texture": "#0"},
				"west": {"uv": [3, 12, 4, 13], "texture": "#0"},
				"up": {"uv": [3, 12, 4, 13], "texture": "#0"},
				"down": {"uv": [3, 12, 4, 13], "texture": "#0"}
			}
		},
		{
			"name": "Cube",
			"from": [10, 0, 5],
			"to": [11, 1, 6],
			"faces": {
				"north": {"uv": [3, 12, 4, 13], "texture": "#0"},
				"east": {"uv": [3, 12, 4, 13], "texture": "#0"},
				"south": {"uv": [3, 13, 4, 14], "texture": "#0"},
				"west": {"uv": [3, 12, 4, 13], "texture": "#0"},
				"up": {"uv": [3, 12, 4, 13], "texture": "#0"},
				"down": {"uv": [3, 12, 4, 13], "texture": "#0"}
			}
		},
		{
			"name": "Cube",
			"from": [8, 0, 7],
			"to": [9, 1, 8],
			"faces": {
				"north": {"uv": [3, 12, 4, 13], "texture": "#0"},
				"east": {"uv": [3, 12, 4, 13], "texture": "#0"},
				"south": {"uv": [3, 13, 4, 14], "texture": "#0"},
				"west": {"uv": [3, 12, 4, 13], "texture": "#0"},
				"up": {"uv": [3, 12, 4, 13], "texture": "#0"},
				"down": {"uv": [3, 12, 4, 13], "texture": "#0"}
			}
		},
		{
			"name": "Cube",
			"from": [5, 0, 10],
			"to": [6, 1, 11],
			"faces": {
				"north": {"uv": [3, 12, 4, 13], "texture": "#0"},
				"east": {"uv": [3, 12, 4, 13], "texture": "#0"},
				"south": {"uv": [3, 13, 4, 14], "texture": "#0"},
				"west": {"uv": [3, 12, 4, 13], "texture": "#0"},
				"up": {"uv": [3, 12, 4, 13], "texture": "#0"},
				"down": {"uv": [3, 12, 4, 13], "texture": "#0"}
			}
		},
		{
			"name": "Cube",
			"from": [4, 0, 11],
			"to": [5, 1, 12],
			"faces": {
				"north": {"uv": [3, 12, 4, 13], "texture": "#0"},
				"east": {"uv": [3, 12, 4, 13], "texture": "#0"},
				"south": {"uv": [3, 13, 4, 14], "texture": "#0"},
				"west": {"uv": [3, 12, 4, 13], "texture": "#0"},
				"up": {"uv": [3, 12, 4, 13], "texture": "#0"},
				"down": {"uv": [3, 12, 4, 13], "texture": "#0"}
			}
		},
		{
			"name": "Cube",
			"from": [1, 0, 14],
			"to": [2, 1, 15],
			"faces": {
				"north": {"uv": [3, 12, 4, 13], "texture": "#0"},
				"east": {"uv": [3, 12, 4, 13], "texture": "#0"},
				"south": {"uv": [3, 13, 4, 14], "texture": "#0"},
				"west": {"uv": [3, 12, 4, 13], "texture": "#0"},
				"up": {"uv": [3, 12, 4, 13], "texture": "#0"},
				"down": {"uv": [3, 12, 4, 13], "texture": "#0"}
			}
		},
		{
			"name": "Cube",
			"from": [-1, 0, 16],
			"to": [0, 1, 17],
			"faces": {
				"north": {"uv": [3, 12, 4, 13], "texture": "#0"},
				"east": {"uv": [3, 12, 4, 13], "texture": "#0"},
				"south": {"uv": [3, 13, 4, 14], "texture": "#0"},
				"west": {"uv": [3, 12, 4, 13], "texture": "#0"},
				"up": {"uv": [3, 12, 4, 13], "texture": "#0"},
				"down": {"uv": [3, 12, 4, 13], "texture": "#0"}
			}
		},
		{
			"name": "Cube",
			"from": [23, 0, -9],
			"to": [24, 1, -8],
			"faces": {
				"north": {"uv": [6, 8, 7, 9], "texture": "#0"},
				"east": {"uv": [6, 8, 7, 9], "texture": "#0"},
				"south": {"uv": [6, 8, 7, 9], "texture": "#0"},
				"west": {"uv": [6, 8, 7, 9], "texture": "#0"},
				"up": {"uv": [6, 8, 7, 9], "texture": "#0"},
				"down": {"uv": [6, 8, 7, 9], "texture": "#0"}
			}
		},
		{
			"name": "Cube",
			"from": [24, 0, -10],
			"to": [25, 1, -9],
			"faces": {
				"north": {"uv": [6, 8, 7, 9], "texture": "#0"},
				"east": {"uv": [6, 8, 7, 9], "texture": "#0"},
				"south": {"uv": [6, 8, 7, 9], "texture": "#0"},
				"west": {"uv": [6, 8, 7, 9], "texture": "#0"},
				"up": {"uv": [6, 8, 7, 9], "texture": "#0"},
				"down": {"uv": [6, 8, 7, 9], "texture": "#0"}
			}
		},
		{
			"name": "Cube",
			"from": [25, 0, -11],
			"to": [26, 1, -10],
			"faces": {
				"north": {"uv": [6, 8, 7, 9], "texture": "#0"},
				"east": {"uv": [6, 8, 7, 9], "texture": "#0"},
				"south": {"uv": [6, 8, 7, 9], "texture": "#0"},
				"west": {"uv": [6, 8, 7, 9], "texture": "#0"},
				"up": {"uv": [6, 8, 7, 9], "texture": "#0"},
				"down": {"uv": [6, 8, 7, 9], "texture": "#0"}
			}
		},
		{
			"name": "Cube",
			"from": [26, 0, -12],
			"to": [27, 1, -11],
			"faces": {
				"north": {"uv": [6, 8, 7, 9], "texture": "#0"},
				"east": {"uv": [6, 8, 7, 9], "texture": "#0"},
				"south": {"uv": [6, 8, 7, 9], "texture": "#0"},
				"west": {"uv": [6, 8, 7, 9], "texture": "#0"},
				"up": {"uv": [6, 8, 7, 9], "texture": "#0"},
				"down": {"uv": [6, 8, 7, 9], "texture": "#0"}
			}
		},
		{
			"name": "Cube",
			"from": [27, 0, -12],
			"to": [28, 1, -11],
			"faces": {
				"north": {"uv": [6, 8, 7, 9], "texture": "#0"},
				"east": {"uv": [6, 8, 7, 9], "texture": "#0"},
				"south": {"uv": [6, 8, 7, 9], "texture": "#0"},
				"west": {"uv": [6, 8, 7, 9], "texture": "#0"},
				"up": {"uv": [6, 8, 7, 9], "texture": "#0"},
				"down": {"uv": [6, 8, 7, 9], "texture": "#0"}
			}
		},
		{
			"name": "Cube",
			"from": [27, 0, -11],
			"to": [28, 1, -10],
			"faces": {
				"north": {"uv": [6, 8, 7, 9], "texture": "#0"},
				"east": {"uv": [6, 8, 7, 9], "texture": "#0"},
				"south": {"uv": [6, 8, 7, 9], "texture": "#0"},
				"west": {"uv": [6, 8, 7, 9], "texture": "#0"},
				"up": {"uv": [6, 8, 7, 9], "texture": "#0"},
				"down": {"uv": [6, 8, 7, 9], "texture": "#0"}
			}
		},
		{
			"name": "Cube",
			"from": [26, 0, -10],
			"to": [27, 1, -9],
			"faces": {
				"north": {"uv": [6, 8, 7, 9], "texture": "#0"},
				"east": {"uv": [6, 8, 7, 9], "texture": "#0"},
				"south": {"uv": [6, 8, 7, 9], "texture": "#0"},
				"west": {"uv": [6, 8, 7, 9], "texture": "#0"},
				"up": {"uv": [6, 8, 7, 9], "texture": "#0"},
				"down": {"uv": [6, 8, 7, 9], "texture": "#0"}
			}
		},
		{
			"name": "Cube",
			"from": [25, 0, -9],
			"to": [26, 1, -8],
			"faces": {
				"north": {"uv": [6, 8, 7, 9], "texture": "#0"},
				"east": {"uv": [6, 8, 7, 9], "texture": "#0"},
				"south": {"uv": [6, 8, 7, 9], "texture": "#0"},
				"west": {"uv": [6, 8, 7, 9], "texture": "#0"},
				"up": {"uv": [6, 8, 7, 9], "texture": "#0"},
				"down": {"uv": [6, 8, 7, 9], "texture": "#0"}
			}
		},
		{
			"name": "Cube",
			"from": [24, 0, -8],
			"to": [25, 1, -7],
			"faces": {
				"north": {"uv": [6, 8, 7, 9], "texture": "#0"},
				"east": {"uv": [6, 8, 7, 9], "texture": "#0"},
				"south": {"uv": [6, 8, 7, 9], "texture": "#0"},
				"west": {"uv": [6, 8, 7, 9], "texture": "#0"},
				"up": {"uv": [6, 8, 7, 9], "texture": "#0"},
				"down": {"uv": [6, 8, 7, 9], "texture": "#0"}
			}
		},
		{
			"name": "Cube",
			"from": [24, 0, -7],
			"to": [25, 1, -6],
			"faces": {
				"north": {"uv": [7, 10, 8, 11], "texture": "#0"},
				"east": {"uv": [7, 10, 8, 11], "texture": "#0"},
				"south": {"uv": [7, 10, 8, 11], "texture": "#0"},
				"west": {"uv": [7, 10, 8, 11], "texture": "#0"},
				"up": {"uv": [7, 10, 8, 11], "texture": "#0"},
				"down": {"uv": [7, 10, 8, 11], "texture": "#0"}
			}
		},
		{
			"name": "Cube",
			"from": [22, 0, -9],
			"to": [23, 1, -8],
			"faces": {
				"north": {"uv": [7, 10, 8, 11], "texture": "#0"},
				"east": {"uv": [7, 10, 8, 11], "texture": "#0"},
				"south": {"uv": [7, 10, 8, 11], "texture": "#0"},
				"west": {"uv": [7, 10, 8, 11], "texture": "#0"},
				"up": {"uv": [7, 10, 8, 11], "texture": "#0"},
				"down": {"uv": [7, 10, 8, 11], "texture": "#0"}
			}
		},
		{
			"name": "Cube",
			"from": [24, 0, -9],
			"to": [25, 1, -8],
			"faces": {
				"north": {"uv": [7, 8, 8, 9], "texture": "#0"},
				"east": {"uv": [7, 8, 8, 9], "texture": "#0"},
				"south": {"uv": [7, 8, 8, 9], "texture": "#0"},
				"west": {"uv": [7, 8, 8, 9], "texture": "#0"},
				"up": {"uv": [7, 8, 8, 9], "texture": "#0"},
				"down": {"uv": [7, 8, 8, 9], "texture": "#0"}
			}
		},
		{
			"name": "Cube",
			"from": [25, 0, -10],
			"to": [26, 1, -9],
			"faces": {
				"north": {"uv": [7, 8, 8, 9], "texture": "#0"},
				"east": {"uv": [7, 8, 8, 9], "texture": "#0"},
				"south": {"uv": [7, 8, 8, 9], "texture": "#0"},
				"west": {"uv": [7, 8, 8, 9], "texture": "#0"},
				"up": {"uv": [7, 8, 8, 9], "texture": "#0"},
				"down": {"uv": [7, 8, 8, 9], "texture": "#0"}
			}
		},
		{
			"name": "Cube",
			"from": [26, 0, -11],
			"to": [27, 1, -10],
			"faces": {
				"north": {"uv": [7, 8, 8, 9], "texture": "#0"},
				"east": {"uv": [7, 8, 8, 9], "texture": "#0"},
				"south": {"uv": [7, 8, 8, 9], "texture": "#0"},
				"west": {"uv": [7, 8, 8, 9], "texture": "#0"},
				"up": {"uv": [7, 8, 8, 9], "texture": "#0"},
				"down": {"uv": [7, 8, 8, 9], "texture": "#0"}
			}
		}
	],
	"display": {
		"thirdperson_righthand": {
			"rotation": [60, 0, 90],
			"translation": [-7.5, 7.6521, 4]
		},
		"thirdperson_lefthand": {
			"rotation": [60, 0, -90],
			"translation": [7.5, 7.6521, 4]
		},
		"firstperson_righthand": {
			"rotation": [23.5, 0, 90],
			"translation": [-6.75, 7.6521, 2.25],
			"scale": [0.75, 0.75, 0.75]
		},
		"firstperson_lefthand": {
			"rotation": [-156.5, -180, 90],
			"translation": [5, 8, 1],
			"scale": [0.75, 0.75, 0.75]
		},
		"ground": {
			"rotation": [0, 0, 90],
			"translation": [-5.5, 6.5, -2.086],
			"scale": [0.75, 0.75, 0.75]
		},
		"gui": {
			"rotation": [0, -90, 90],
			"translation": [0.25, 1, -5.5],
			"scale": [0.75, 0.75, 0.75]
		},
		"head": {
			"rotation": [-121, -1, 88],
			"translation": [5.3, -3.5, 0],
			"scale": [0.2, 0.2, 0.2]
		},
		"fixed": {
			"rotation": [90, 0, 0],
			"translation": [3, 2, 8]
		}
	}
}