{
	"texture_size": [64, 32],
	"textures": {
		"0": "./livre_ouvert",
		"particle": "./livre_ouvert"
	},
	"elements": [
		{
			"name": "book_spine",
			"from": [7, 0, 9],
			"to": [9, 10, 9],
			"rotation": {"angle": 0, "axis": "y", "origin": [8, 0, 9]},
			"faces": {
				"north": {"uv": [3.5, 0, 4, 5], "texture": "#0"},
				"east": {"uv": [3.5, 0, 3.5, 5], "texture": "#0"},
				"south": {"uv": [4, 0, 4.5, 5], "texture": "#0"},
				"west": {"uv": [4, 0, 4, 5], "texture": "#0"},
				"up": {"uv": [4, 0, 3.5, 0], "texture": "#0"},
				"down": {"uv": [4.5, 0, 4, 0], "texture": "#0"}
			}
		},
		{
			"name": "cover_left",
			"from": [1, 0, 9],
			"to": [7, 10, 9],
			"rotation": {"angle": -22.5, "axis": "y", "origin": [7, 5, 9]},
			"faces": {
				"north": {"uv": [4, 0, 5.5, 5], "texture": "#0"},
				"east": {"uv": [4, 0, 4, 5], "texture": "#0"},
				"south": {"uv": [5.5, 0, 7, 5], "texture": "#0"},
				"west": {"uv": [5.5, 0, 5.5, 5], "texture": "#0"},
				"up": {"uv": [5.5, 0, 4, 0], "texture": "#0"},
				"down": {"uv": [7, 0, 5.5, 0], "texture": "#0"}
			}
		},
		{
			"name": "pages_right",
			"from": [8.4419, 1, 7.9],
			"to": [13.4419, 9, 8.9],
			"rotation": {"angle": 22.5, "axis": "y", "origin": [8.4419, 0, 9]},
			"faces": {
				"north": {"uv": [0.25, 5.5, 1.5, 9.5], "texture": "#0"},
				"east": {"uv": [0, 5.5, 0.25, 9.5], "texture": "#0"},
				"south": {"uv": [1.75, 5.5, 3, 9.5], "texture": "#0"},
				"west": {"uv": [1.5, 5.5, 1.75, 9.5], "texture": "#0"},
				"up": {"uv": [1.5, 5.5, 0.25, 5], "texture": "#0"},
				"down": {"uv": [2.75, 5, 1.5, 5.5], "texture": "#0"}
			}
		},
		{
			"name": "pages_left",
			"from": [2.6, 1, 7.9],
			"to": [7.6, 9, 8.9],
			"rotation": {"angle": -22.5, "axis": "y", "origin": [7.6, 0, 9]},
			"faces": {
				"north": {"uv": [3.25, 5.5, 4.5, 9.5], "texture": "#0"},
				"east": {"uv": [3, 5.5, 3.25, 9.5], "texture": "#0"},
				"south": {"uv": [4.75, 5.5, 6, 9.5], "texture": "#0"},
				"west": {"uv": [4.5, 5.5, 4.75, 9.5], "texture": "#0"},
				"up": {"uv": [4.5, 5.5, 3.25, 5], "texture": "#0"},
				"down": {"uv": [5.75, 5, 4.5, 5.5], "texture": "#0"}
			}
		},
		{
			"name": "cover_right",
			"from": [9, 0, 9],
			"to": [15, 10, 9],
			"rotation": {"angle": 22.5, "axis": "y", "origin": [9, 5, 9]},
			"faces": {
				"north": {"uv": [0, 0, 1.5, 5], "texture": "#0"},
				"east": {"uv": [0, 0, 0, 5], "texture": "#0"},
				"south": {"uv": [1.5, 0, 3, 5], "texture": "#0"},
				"west": {"uv": [1.5, 0, 1.5, 5], "texture": "#0"},
				"up": {"uv": [1.5, 0, 0, 0], "texture": "#0"},
				"down": {"uv": [3, 0, 1.5, 0], "texture": "#0"}
			}
		}
	],
	"gui_light": "front",
	"display": {
		"thirdperson_righthand": {
			"rotation": [-5, -180, -180],
			"translation": [-1, 0, 0.5],
			"scale": [0.75, 0.75, 0.75]
		},
		"thirdperson_lefthand": {
			"rotation": [-5, -180, -180],
			"translation": [-1, 0, 0.5],
			"scale": [0.75, 0.75, 0.75]
		},
		"firstperson_righthand": {
			"rotation": [0, -180, -180],
			"translation": [-4.5, 3.25, 5],
			"scale": [0.5, 0.5, 0.5]
		},
		"firstperson_lefthand": {
			"rotation": [0, -180, -180],
			"translation": [-4.5, 3.25, 5],
			"scale": [0.5, 0.5, 0.5]
		},
		"ground": {
			"rotation": [90, 0, 0],
			"translation": [0, -2, 2.5],
			"scale": [0.75, 0.75, 0.75]
		},
		"gui": {
			"rotation": [0, -180, 0],
			"translation": [0, 2.75, 0]
		},
		"head": {
			"translation": [0, 10.25, 0]
		},
		"fixed": {
			"translation": [0, 3.5, -0.5],
			"scale": [1.25, 1.25, 1.25]
		}
	}
}