{
	"textures": {
		"texture": "./espadon_adamantin"
	},
	"gui_light": "front",
	"elements": [
		{
			"name": "Box2",
			"from": [-5, 0, 21],
			"to": [-3, 1, 22],
			"rotation": {"angle": 0, "axis": "y", "origin": [6, 8, 10]},
			"faces": {
				"north": {"uv": [1, 11, 3, 12], "texture": "#texture"},
				"east": {"uv": [2, 11, 3, 12], "texture": "#texture"},
				"south": {"uv": [1, 11, 3, 12], "texture": "#texture"},
				"west": {"uv": [1, 11, 2, 12], "texture": "#texture"},
				"up": {"uv": [1, 11, 3, 12], "texture": "#texture"},
				"down": {"uv": [1, 11, 3, 12], "texture": "#texture"}
			}
		},
		{
			"name": "Box2",
			"from": [-6, 0, 20],
			"to": [-3, 1, 21],
			"rotation": {"angle": 0, "axis": "y", "origin": [6, 8, 10]},
			"faces": {
				"north": {"uv": [0, 10, 3, 11], "texture": "#texture"},
				"east": {"uv": [2, 10, 3, 11], "texture": "#texture"},
				"south": {"uv": [0, 10, 3, 11], "texture": "#texture"},
				"west": {"uv": [0, 10, 1, 11], "texture": "#texture"},
				"up": {"uv": [0, 10, 3, 11], "texture": "#texture"},
				"down": {"uv": [0, 10, 3, 11], "texture": "#texture"}
			}
		},
		{
			"name": "Box2",
			"from": [-6, 0, 19],
			"to": [-2, 1, 20],
			"rotation": {"angle": 0, "axis": "y", "origin": [6, 8, 10]},
			"faces": {
				"north": {"uv": [0, 9, 4, 10], "rotation": 180, "texture": "#texture"},
				"east": {"uv": [3, 9, 4, 10], "texture": "#texture"},
				"south": {"uv": [0, 9, 4, 10], "texture": "#texture"},
				"west": {"uv": [0, 9, 1, 10], "texture": "#texture"},
				"up": {"uv": [0, 9, 4, 10], "texture": "#texture"},
				"down": {"uv": [0, 9, 4, 10], "texture": "#texture"}
			}
		},
		{
			"name": "Box2",
			"from": [-2, 0, 16],
			"to": [1, 1, 17],
			"faces": {
				"north": {"uv": [2, 8, 5, 9], "texture": "#texture"},
				"east": {"uv": [4, 8, 5, 9], "texture": "#texture"},
				"south": {"uv": [2, 8, 5, 9], "texture": "#texture"},
				"west": {"uv": [2, 8, 3, 9], "texture": "#texture"},
				"up": {"uv": [2, 8, 5, 9], "texture": "#texture"},
				"down": {"uv": [2, 8, 5, 9], "texture": "#texture"}
			}
		},
		{
			"name": "Box3",
			"from": [-3, 0, 17],
			"to": [0, 1, 18],
			"rotation": {"angle": 0, "axis": "y", "origin": [7, 8, 9]},
			"faces": {
				"north": {"uv": [2, 8, 5, 9], "texture": "#texture"},
				"east": {"uv": [4, 8, 5, 9], "texture": "#texture"},
				"south": {"uv": [2, 8, 5, 9], "texture": "#texture"},
				"west": {"uv": [2, 8, 3, 9], "texture": "#texture"},
				"up": {"uv": [2, 8, 5, 9], "texture": "#texture"},
				"down": {"uv": [2, 8, 5, 9], "texture": "#texture"}
			}
		},
		{
			"name": "Box4",
			"from": [-4, 0, 18],
			"to": [-1, 1, 19],
			"rotation": {"angle": 0, "axis": "y", "origin": [6, 8, 10]},
			"faces": {
				"north": {"uv": [2, 8, 5, 9], "texture": "#texture"},
				"east": {"uv": [4, 8, 5, 9], "texture": "#texture"},
				"south": {"uv": [2, 8, 5, 9], "texture": "#texture"},
				"west": {"uv": [2, 8, 3, 9], "texture": "#texture"},
				"up": {"uv": [2, 8, 5, 9], "texture": "#texture"},
				"down": {"uv": [2, 8, 5, 9], "texture": "#texture"}
			}
		},
		{
			"name": "Box2",
			"from": [-1, 0, 15],
			"to": [2, 1, 16],
			"faces": {
				"north": {"uv": [3, 7, 6, 8], "texture": "#texture"},
				"east": {"uv": [5, 7, 6, 8], "texture": "#texture"},
				"south": {"uv": [3, 7, 6, 8], "texture": "#texture"},
				"west": {"uv": [3, 7, 4, 8], "texture": "#texture"},
				"up": {"uv": [3, 7, 6, 8], "texture": "#texture"},
				"down": {"uv": [3, 7, 6, 8], "texture": "#texture"}
			}
		},
		{
			"name": "Box2",
			"from": [0, 0, 14],
			"to": [8, 1, 15],
			"faces": {
				"north": {"uv": [4, 6, 12, 7], "rotation": 180, "texture": "#texture"},
				"east": {"uv": [11, 6, 12, 7], "texture": "#texture"},
				"south": {"uv": [4, 6, 12, 7], "texture": "#texture"},
				"west": {"uv": [4, 6, 5, 7], "texture": "#texture"},
				"up": {"uv": [4, 6, 12, 7], "texture": "#texture"},
				"down": {"uv": [4, 6, 12, 7], "texture": "#texture"}
			}
		},
		{
			"name": "Box2",
			"from": [1, 0, 13],
			"to": [7, 1, 14],
			"faces": {
				"north": {"uv": [5, 5, 11, 6], "rotation": 180, "texture": "#texture"},
				"east": {"uv": [10, 5, 11, 6], "texture": "#texture"},
				"south": {"uv": [5, 5, 11, 6], "texture": "#texture"},
				"west": {"uv": [5, 5, 6, 6], "texture": "#texture"},
				"up": {"uv": [5, 5, 11, 6], "texture": "#texture"},
				"down": {"uv": [5, 5, 11, 6], "texture": "#texture"}
			}
		},
		{
			"name": "Box2",
			"from": [5, 0, 15],
			"to": [7, 1, 16],
			"faces": {
				"north": {"uv": [1, 11, 3, 12], "texture": "#texture"},
				"east": {"uv": [2, 11, 3, 12], "texture": "#texture"},
				"south": {"uv": [1, 11, 3, 12], "texture": "#texture"},
				"west": {"uv": [1, 11, 2, 12], "texture": "#texture"},
				"up": {"uv": [1, 11, 3, 12], "texture": "#texture"},
				"down": {"uv": [1, 11, 3, 12], "texture": "#texture"}
			}
		},
		{
			"name": "Box2",
			"from": [1, 0, 12],
			"to": [6, 1, 13],
			"faces": {
				"north": {"uv": [5, 4, 10, 5], "texture": "#texture"},
				"east": {"uv": [9, 4, 10, 5], "texture": "#texture"},
				"south": {"uv": [5, 4, 10, 5], "texture": "#texture"},
				"west": {"uv": [5, 4, 6, 5], "texture": "#texture"},
				"up": {"uv": [5, 4, 10, 5], "texture": "#texture"},
				"down": {"uv": [5, 4, 10, 5], "texture": "#texture"}
			}
		},
		{
			"name": "Box2",
			"from": [1, 0, 11],
			"to": [7, 1, 12],
			"faces": {
				"north": {"uv": [5, 3, 11, 4], "texture": "#texture"},
				"east": {"uv": [10, 3, 11, 4], "texture": "#texture"},
				"south": {"uv": [5, 3, 11, 4], "texture": "#texture"},
				"west": {"uv": [5, 3, 6, 4], "texture": "#texture"},
				"up": {"uv": [5, 3, 11, 4], "texture": "#texture"},
				"down": {"uv": [5, 3, 11, 4], "texture": "#texture"}
			}
		},
		{
			"name": "Box2",
			"from": [0, 0, 10],
			"to": [8, 1, 11],
			"faces": {
				"north": {"uv": [4, 2, 12, 3], "rotation": 180, "texture": "#texture"},
				"east": {"uv": [11, 2, 12, 3], "texture": "#texture"},
				"south": {"uv": [4, 2, 12, 3], "texture": "#texture"},
				"west": {"uv": [4, 2, 5, 3], "texture": "#texture"},
				"up": {"uv": [4, 2, 12, 3], "texture": "#texture"},
				"down": {"uv": [4, 2, 12, 3], "texture": "#texture"}
			}
		},
		{
			"name": "Box2",
			"from": [0, 0, 9],
			"to": [3, 1, 10],
			"faces": {
				"north": {"uv": [4, 1, 7, 2], "texture": "#texture"},
				"east": {"uv": [6, 1, 7, 2], "texture": "#texture"},
				"south": {"uv": [4, 1, 7, 2], "texture": "#texture"},
				"west": {"uv": [4, 1, 5, 2], "texture": "#texture"},
				"up": {"uv": [4, 1, 7, 2], "texture": "#texture"},
				"down": {"uv": [4, 1, 7, 2], "texture": "#texture"}
			}
		},
		{
			"name": "Box2",
			"from": [1, 0, 8],
			"to": [2, 1, 9],
			"faces": {
				"north": {"uv": [5, 0, 6, 1], "texture": "#texture"},
				"east": {"uv": [5, 0, 6, 1], "texture": "#texture"},
				"south": {"uv": [5, 0, 6, 1], "texture": "#texture"},
				"west": {"uv": [5, 0, 6, 1], "texture": "#texture"},
				"up": {"uv": [5, 0, 6, 1], "texture": "#texture"},
				"down": {"uv": [5, 0, 6, 1], "texture": "#texture"}
			}
		},
		{
			"name": "Box2",
			"from": [9, 0, 4],
			"to": [14, 1, 5],
			"rotation": {"angle": 0, "axis": "y", "origin": [13, 8, 3]},
			"faces": {
				"north": {"uv": [8, 1, 13, 2], "rotation": 180, "texture": "#texture"},
				"east": {"uv": [12, 1, 13, 2], "texture": "#texture"},
				"south": {"uv": [8, 1, 13, 2], "texture": "#texture"},
				"west": {"uv": [8, 1, 9, 2], "texture": "#texture"},
				"up": {"uv": [8, 1, 13, 2], "texture": "#texture"},
				"down": {"uv": [8, 1, 13, 2], "texture": "#texture"}
			}
		},
		{
			"name": "Box2",
			"from": [4, 0, 9],
			"to": [11, 1, 10],
			"rotation": {"angle": 0, "axis": "y", "origin": [7, 8, 9]},
			"faces": {
				"north": {"uv": [8, 1, 15, 2], "rotation": 180, "texture": "#texture"},
				"east": {"uv": [14, 1, 15, 2], "texture": "#texture"},
				"south": {"uv": [8, 1, 15, 2], "texture": "#texture"},
				"west": {"uv": [8, 1, 9, 2], "texture": "#texture"},
				"up": {"uv": [8, 1, 15, 2], "texture": "#texture"},
				"down": {"uv": [8, 1, 15, 2], "texture": "#texture"}
			}
		},
		{
			"name": "Box2",
			"from": [5, 0, 8],
			"to": [12, 1, 9],
			"rotation": {"angle": 0, "axis": "y", "origin": [7, 8, 9]},
			"faces": {
				"north": {"uv": [4, 14, 11, 15], "rotation": 180, "texture": "#texture"},
				"east": {"uv": [10, 14, 11, 15], "texture": "#texture"},
				"south": {"uv": [4, 14, 11, 15], "texture": "#texture"},
				"west": {"uv": [4, 14, 5, 15], "texture": "#texture"},
				"up": {"uv": [4, 14, 11, 15], "texture": "#texture"},
				"down": {"uv": [4, 14, 11, 15], "texture": "#texture"}
			}
		},
		{
			"name": "Box2",
			"from": [6, 0, 7],
			"to": [11, 1, 8],
			"rotation": {"angle": 0, "axis": "y", "origin": [7, 8, 9]},
			"faces": {
				"north": {"uv": [5, 13, 10, 14], "texture": "#texture"},
				"east": {"uv": [9, 13, 10, 14], "texture": "#texture"},
				"south": {"uv": [5, 13, 10, 14], "texture": "#texture"},
				"west": {"uv": [5, 13, 6, 14], "texture": "#texture"},
				"up": {"uv": [5, 13, 10, 14], "texture": "#texture"},
				"down": {"uv": [5, 13, 10, 14], "texture": "#texture"}
			}
		},
		{
			"name": "Box2",
			"from": [6, 0, 6],
			"to": [12, 1, 7],
			"rotation": {"angle": 0, "axis": "y", "origin": [7, 8, 9]},
			"faces": {
				"north": {"uv": [5, 12, 11, 13], "texture": "#texture"},
				"east": {"uv": [10, 12, 11, 13], "texture": "#texture"},
				"south": {"uv": [5, 12, 11, 13], "texture": "#texture"},
				"west": {"uv": [5, 12, 6, 13], "texture": "#texture"},
				"up": {"uv": [5, 12, 11, 13], "texture": "#texture"},
				"down": {"uv": [5, 12, 11, 13], "texture": "#texture"}
			}
		},
		{
			"name": "Box2",
			"from": [6, 0, 5],
			"to": [13, 1, 6],
			"rotation": {"angle": 0, "axis": "y", "origin": [7, 8, 9]},
			"faces": {
				"north": {"uv": [5, 11, 6, 12], "rotation": 180, "texture": "#texture"},
				"east": {"uv": [10, 12, 11, 13], "texture": "#texture"},
				"south": {"uv": [4, 12, 11, 13], "texture": "#texture"},
				"west": {"uv": [5, 12, 6, 13], "texture": "#texture"},
				"up": {"uv": [5, 11, 12, 12], "texture": "#texture"},
				"down": {"uv": [5, 11, 12, 12], "texture": "#texture"}
			}
		},
		{
			"name": "Box2",
			"from": [10, 0, 3],
			"to": [15, 1, 4],
			"faces": {
				"north": {"uv": [8, 10, 13, 11], "rotation": 180, "texture": "#texture"},
				"east": {"uv": [12, 10, 13, 11], "texture": "#texture"},
				"south": {"uv": [8, 10, 13, 11], "texture": "#texture"},
				"west": {"uv": [8, 10, 9, 11], "texture": "#texture"},
				"up": {"uv": [8, 10, 13, 11], "texture": "#texture"},
				"down": {"uv": [8, 10, 13, 11], "texture": "#texture"}
			}
		},
		{
			"name": "Box3",
			"from": [7, 0, 4],
			"to": [8, 1, 5],
			"rotation": {"angle": 0, "axis": "y", "origin": [5, 8, 9]},
			"faces": {
				"north": {"uv": [6, 10, 7, 11], "texture": "#texture"},
				"east": {"uv": [6, 10, 7, 11], "texture": "#texture"},
				"south": {"uv": [6, 10, 7, 11], "texture": "#texture"},
				"west": {"uv": [6, 10, 7, 11], "texture": "#texture"},
				"up": {"uv": [6, 10, 7, 11], "texture": "#texture"},
				"down": {"uv": [6, 10, 7, 11], "texture": "#texture"}
			}
		},
		{
			"name": "Box2",
			"from": [11, 0, 2],
			"to": [16, 1, 3],
			"faces": {
				"north": {"uv": [8, 10, 13, 11], "rotation": 180, "texture": "#texture"},
				"east": {"uv": [12, 10, 13, 11], "texture": "#texture"},
				"south": {"uv": [8, 10, 13, 11], "texture": "#texture"},
				"west": {"uv": [8, 10, 9, 11], "texture": "#texture"},
				"up": {"uv": [8, 10, 13, 11], "texture": "#texture"},
				"down": {"uv": [8, 10, 13, 11], "texture": "#texture"}
			}
		},
		{
			"name": "Box2",
			"from": [12, 0, 1],
			"to": [17, 1, 2],
			"faces": {
				"north": {"uv": [8, 10, 13, 11], "rotation": 180, "texture": "#texture"},
				"east": {"uv": [12, 10, 13, 11], "texture": "#texture"},
				"south": {"uv": [8, 10, 13, 11], "texture": "#texture"},
				"west": {"uv": [8, 10, 9, 11], "texture": "#texture"},
				"up": {"uv": [8, 10, 13, 11], "texture": "#texture"},
				"down": {"uv": [8, 10, 13, 11], "texture": "#texture"}
			}
		},
		{
			"name": "Box2",
			"from": [13, 0, 0],
			"to": [18, 1, 1],
			"faces": {
				"north": {"uv": [8, 10, 13, 11], "rotation": 180, "texture": "#texture"},
				"east": {"uv": [12, 10, 13, 11], "texture": "#texture"},
				"south": {"uv": [8, 10, 13, 11], "texture": "#texture"},
				"west": {"uv": [8, 10, 9, 11], "texture": "#texture"},
				"up": {"uv": [8, 10, 13, 11], "texture": "#texture"},
				"down": {"uv": [8, 10, 13, 11], "texture": "#texture"}
			}
		},
		{
			"name": "Box2",
			"from": [14, 0, -1],
			"to": [19, 1, 0],
			"faces": {
				"north": {"uv": [8, 10, 13, 11], "rotation": 180, "texture": "#texture"},
				"east": {"uv": [12, 10, 13, 11], "texture": "#texture"},
				"south": {"uv": [8, 10, 13, 11], "texture": "#texture"},
				"west": {"uv": [8, 10, 9, 11], "texture": "#texture"},
				"up": {"uv": [8, 10, 13, 11], "texture": "#texture"},
				"down": {"uv": [8, 10, 13, 11], "texture": "#texture"}
			}
		},
		{
			"name": "Box2",
			"from": [17, 0, -4],
			"to": [22, 1, -3],
			"faces": {
				"north": {"uv": [8, 10, 13, 11], "rotation": 180, "texture": "#texture"},
				"east": {"uv": [12, 10, 13, 11], "texture": "#texture"},
				"south": {"uv": [8, 10, 13, 11], "texture": "#texture"},
				"west": {"uv": [8, 10, 9, 11], "texture": "#texture"},
				"up": {"uv": [9, 9, 14, 10], "texture": "#texture"},
				"down": {"uv": [9, 9, 14, 10], "texture": "#texture"}
			}
		},
		{
			"name": "Box2",
			"from": [16, 0, -3],
			"to": [21, 1, -2],
			"faces": {
				"north": {"uv": [9, 9, 14, 10], "rotation": 180, "texture": "#texture"},
				"east": {"uv": [12, 10, 13, 11], "texture": "#texture"},
				"south": {"uv": [9, 9, 14, 10], "texture": "#texture"},
				"west": {"uv": [8, 10, 9, 11], "texture": "#texture"},
				"up": {"uv": [8, 10, 13, 11], "texture": "#texture"},
				"down": {"uv": [8, 10, 13, 11], "texture": "#texture"}
			}
		},
		{
			"name": "Box2",
			"from": [18, 0, -5],
			"to": [23, 1, -4],
			"faces": {
				"north": {"uv": [9, 9, 14, 10], "rotation": 180, "texture": "#texture"},
				"east": {"uv": [12, 10, 13, 11], "texture": "#texture"},
				"south": {"uv": [9, 9, 14, 10], "texture": "#texture"},
				"west": {"uv": [8, 10, 9, 11], "texture": "#texture"},
				"up": {"uv": [10, 8, 15, 9], "texture": "#texture"},
				"down": {"uv": [10, 8, 15, 9], "texture": "#texture"}
			}
		},
		{
			"name": "Box2",
			"from": [19, 0, -6],
			"to": [24, 1, -5],
			"faces": {
				"north": {"uv": [9, 9, 14, 10], "rotation": 180, "texture": "#texture"},
				"east": {"uv": [12, 10, 13, 11], "texture": "#texture"},
				"south": {"uv": [9, 9, 14, 10], "texture": "#texture"},
				"west": {"uv": [8, 10, 9, 11], "texture": "#texture"},
				"up": {"uv": [11, 7, 16, 8], "texture": "#texture"},
				"down": {"uv": [11, 7, 16, 8], "texture": "#texture"}
			}
		},
		{
			"name": "Box2",
			"from": [20, 0, -7],
			"to": [24, 1, -6],
			"faces": {
				"north": {"uv": [12, 6, 16, 7], "rotation": 180, "texture": "#texture"},
				"east": {"uv": [15, 6, 16, 7], "texture": "#texture"},
				"south": {"uv": [12, 6, 16, 7], "texture": "#texture"},
				"west": {"uv": [12, 6, 13, 7], "texture": "#texture"},
				"up": {"uv": [12, 6, 16, 7], "texture": "#texture"},
				"down": {"uv": [12, 6, 16, 7], "texture": "#texture"}
			}
		},
		{
			"name": "Box2",
			"from": [21, 0, -8],
			"to": [24, 1, -7],
			"faces": {
				"north": {"uv": [13, 5, 16, 6], "texture": "#texture"},
				"east": {"uv": [15, 5, 16, 6], "texture": "#texture"},
				"south": {"uv": [13, 5, 16, 6], "texture": "#texture"},
				"west": {"uv": [13, 5, 14, 6], "texture": "#texture"},
				"up": {"uv": [13, 5, 16, 6], "texture": "#texture"},
				"down": {"uv": [13, 5, 16, 6], "texture": "#texture"}
			}
		},
		{
			"name": "Box2",
			"from": [15, 0, -2],
			"to": [20, 1, -1],
			"faces": {
				"north": {"uv": [8, 10, 13, 11], "rotation": 180, "texture": "#texture"},
				"east": {"uv": [12, 10, 13, 11], "texture": "#texture"},
				"south": {"uv": [8, 10, 13, 11], "texture": "#texture"},
				"west": {"uv": [8, 10, 9, 11], "texture": "#texture"},
				"up": {"uv": [8, 10, 13, 11], "texture": "#texture"},
				"down": {"uv": [8, 10, 13, 11], "texture": "#texture"}
			}
		}
	],
	"gui_light": "front",
	"display": {
		"thirdperson_righthand": {
			"rotation": [48, 0, 90],
			"translation": [-6.75, 7.4, 2],
			"scale": [0.9, 0.9, 0.9]
		},
		"thirdperson_lefthand": {
			"rotation": [48, 0, -90],
			"translation": [6.75, 7.4, 2],
			"scale": [0.9, 0.9, 0.9]
		},
		"firstperson_righthand": {
			"rotation": [29.5, 0, 90],
			"translation": [-7, 7.6521, -2]
		},
		"firstperson_lefthand": {
			"rotation": [-150.5, -180, 90],
			"translation": [9, 7.6, -2]
		},
		"ground": {
			"rotation": [0, 0, 90],
			"translation": [-5.5, 6.5, -2.086],
			"scale": [0.75, 0.75, 0.75]
		},
		"gui": {
			"rotation": [0, -90, 90],
			"translation": [-0.782, -0.391, -5.5],
			"scale": [0.55, 0.55, 0.55]
		},
		"head": {
			"rotation": [-121, -1, 88],
			"translation": [5.3, -3.5, 0],
			"scale": [0.2, 0.2, 0.2]
		},
		"fixed": {
			"rotation": [90, 0, 0],
			"translation": [2, 2, 7.75]
		}
	}
}
